<?xml version="1.0" encoding="UTF-8"?>
<model type="stage">
    <version number="2"/>
    <shadow caster="3"/>
    <lightset number="1"/>
    <draw_range number="4"/>
    <drawing_order number="0"/>
    <this_light action="False" color="0.0,0.0,0.0" local_offset="0.0,0.0,0.0" offset="0.0" radius="10.0"/>
    <compress_type number="0"/>
    <stage_visible_type number="2"/>
    <mirror number="0x0000"/>
    <instancing number="0"/>
    <aurora_vision number="0"/>
    <stage_transition_type number="2"/>
    <stage_transition_visible number="0"/>
    <bounding_scale number="1.0"/>
    <poison number="0"/>
    <stage_expansion_type number="0"/>
    <stage_sh_priority number="0"/>
    <is_multi_sh number="0"/>
    <check_material number="0"/>
    <stencil_type number="2"/>
    <stage_ink_type number="0"/>
    <force_opaque number="0"/>
    <shadow_bounding_box_offset offset="(17.0, 9.0, 17.0)"/>
    <silhouette_type number="0"/>
</model>